기업명,기업코드,공시신용등급,감성지수,ESG등급,환경,사회,지배구조,GMM_Cluster
AJ네트웍스,95570,BBB+,0.841752427,B+,C,A,B+,2
AK홀딩스,6840,A-,0.99111015,A,A,A+,B+,3
BGF,27410,AA,0.960580457,A,A,A+,B+,3
BGF리테일,282330,AA-,-0.487005622,A,A,A+,A,3
BGF에코머티리얼즈,126600,AA,0.641714231,B,B,B,B,2
BNK금융지주,138930,AAA,0.768946573,A,A+,A+,A,3
BYC,1460,BBB,0.738092254,D,D,D,C,1
CJ,1040,BBB+,0.945474316,A,A,A+,A,3
CJ CGV,79160,B+,0.356829862,A,A+,A+,A,3
CJ ENM,35760,A+,0.99558698,A,B+,A+,B+,3
CJ 바이오사이언스,311690,A,0.950113972,B+,C,B+,B+,2
CJ대한통운,120,AA-,0.606413825,A,A,A+,B+,3
CJ씨푸드,11150,AA,0.910601881,B+,A,A,B,2
CJ제일제당,97950,AA,0.889490291,A,A,A,B+,3
CJ프레시웨이,51500,A,0.670831953,A,A,A,B+,3
CS홀딩스,590,A-,0.277303485,C,D,D,B,1
DB,12030,A-,0.793588215,C,D,B,C,1
DB손해보험,5830,BBB,0.750487093,B+,A,A,B+,2
DB증권,16610,AA-,0.547679849,B,C,C,B+,2
DB하이텍,990,BB-,0.745440601,C,B+,A,D,1
DL,210,A-,0.953849731,A,A,A+,A,3
DL이앤씨,375500,B,0.451509565,A,A,A+,A,3
DN오토모티브,7340,AA,0.985622445,C,C,C,C,1
DRB동일,4840,BBB-,0.533316847,B+,B+,A,B+,2
DSR,155660,BB+,0.866374994,C,C,C,C,1
DSR제강,69730,A,0.466610884,C,D,D,B,1
E1,17940,A+,0.813907516,A,A,A+,B+,3
F&F,383220,BBB,0.721199786,A,A+,A+,B,3
F&F 홀딩스,7700,BB+,0.757636994,A,A+,A+,A,3
GKL,114090,AA-,0.636628215,A,A+,A,A,3
GS,78930,AA,0.729987085,B+,B+,A,B+,2
GS건설,6360,A-,0.948047385,A,A,A+,B+,3
GS글로벌,1250,BBB+,0.703028549,B+,B+,A,B+,2
GS리테일,7070,A-,0.695746878,A+,A+,A+,A,4
HDC,12630,AA,0.994641038,C,A,A+,D,1
HDC랩스,39570,AA-,0.656897847,B,C,A,B,2
HDC현대EP,89470,B+,0.651098317,B+,B+,A,B+,2
HDC현대산업개발,294870,A-,0.532617097,A,A,A+,A,3
HD한국조선해양,9540,BBB,0.770352251,A,A,A+,A,3
HD현대,267250,A,0.894157205,A,B+,A+,A,3
HD현대건설기계,267270,AA,0.748784386,A,A,A+,A,3
HD현대마린엔진,71970,BBB-,0.61431387,C,C,C,C,1
HD현대미포,10620,A+,0.410248528,A,A,A+,A,3
HD현대에너지솔루션,322000,AA-,0.42680925,A,B+,A,A,3
HD현대인프라코어,42670,A+,0.678382167,A+,A+,A+,A,4
HD현대일렉트릭,267260,A,0.772384433,A+,A+,A+,A,4
HD현대중공업,329180,AA,0.944624609,A,A,A+,B+,3
HJ중공업,97230,A+,0.955247218,A,A,A+,B+,3
HK이노엔,195940,AA-,0.268129338,A+,A,A+,A+,4
HL D&I,14790,A,0.668090097,A+,A+,A+,A,4
HLB,28300,BBB,0.644631238,B+,B+,B+,B,2
HLB글로벌,3580,BBB+,0.138190883,D,D,D,D,1
HLB생명과학,67630,AA-,0.466389187,C,D,C,C,1
HL만도,204320,AA-,0.89022355,A,A,A+,A,3
HL홀딩스,60980,A+,0.853015391,A,A,A+,A,3
HMM,11200,AA-,0.487858535,A,A,A+,A,3
HPSP,403870,AA,0.745318662,C,C,D,C,1
HS애드,35000,A+,0.802871083,B,C,D,A,2
HS화성,2460,BBB-,0.957614658,C,C,C,B+,1
HS효성첨단소재,298050,BBB,0.911787723,A,A,A+,B+,3
iM금융지주,139130,BBB+,0.203116483,A,A+,A,A,3
INVENI,15360,BBB-,0.119585842,B,C,B,B+,2
ISC,95340,BBB-,0.550567353,B,C,B+,B,2
JW생명과학,234080,A-,0.938620475,B+,B+,A,B,2
JW중외제약,1060,B,-0.055486076,B+,B+,A,B+,2
JW홀딩스,96760,BB,0.857351148,B+,B+,A,B+,2
JYP Ent.,35900,AA,0.597043129,B,A,A+,C,2
KB금융,105560,AAA,0.830529679,A,A+,A+,A,3
KCC건설,21320,AA,0.907038361,C,C,D,B,1
KCI,36670,AA,0.863646023,A,A,A,B+,3
KC그린홀딩스,9440,A+,0.997734021,B,B,B,B,2
JB금융지주,175330,BBB-,0.83743907,A,A+,A,A,3
KEC,92220,A,0.14640466,C,C,D,C,1
KG모빌리언스,46440,B+,0.538752011,C,C,A,C,1
KG모빌리티,3620,BBB,0.726300024,C,C,D,C,1
KG스틸,16380,BB,0.981290563,B,B+,A,C,2
KG에코솔루션,151860,A,0.956248141,D,C,D,D,1
KG이니시스,35600,BBB,0.679080313,C,C,B+,D,1
KG케미칼,1390,A-,0.827941114,C,B+,B,C,1
KH 필룩스,33180,A+,0.377574246,D,C,D,D,1
KH바텍,60720,BB-,0.675376247,A,A,A+,A,3
KIB플러그에너지,15590,AA-,0.572553329,D,C,D,D,1
KC코트렐,119650,BB+,0.619870305,C,B,B,C,1
KPX케미칼,25000,AA,0.785962435,D,C,D,D,1
KPX홀딩스,92230,A-,0.675786318,D,C,D,D,1
KR모터스,40,A+,0.366252043,D,D,D,D,1
KSS해운,44450,A+,0.895039269,B+,B+,A,B+,2
KTcs,58850,BB,0.99387918,A,A,A+,A,3
KTis,58860,BBB+,0.948326819,B+,A,B+,B+,2
KT지니뮤직,43610,BBB+,0.82853311,C,D,C,C,1
LB세미콘,61970,AA,0.573264144,C,B+,A,D,1
LF,93050,AA-,0.945383266,B+,B+,B+,B+,2
KISCO홀딩스,1940,BB+,0.949599726,D,C,D,D,1
LG디스플레이,34220,A,0.610516337,B+,B+,A,B+,2
LG생활건강,51900,B+,0.512011889,A,B+,A+,A,3
LG에너지솔루션,373220,A,0.910427205,A,A,A+,B+,3
LG유플러스,32640,A,0.678242585,A,A,A+,A,3
LG이노텍,11070,AA-,0.924537206,A,A,A+,A,3
LG전자,66570,A-,0.292636889,A,A,A+,B+,3
LG헬로비전,37560,A,0.623563523,A,A,A+,A,3
LG화학,51910,AA,0.023960043,B+,B+,A,B+,2
LIG넥스원,79550,BBB,0.9444243,A,A,A+,A,3
LS,6260,BBB+,0.800013752,A,A,A,A,3
LS네트웍스,680,A+,0.673854481,B+,B,A,B+,2
LS마린솔루션,60370,A+,0.706110336,C,C,C,B,1
LS에코에너지,229640,BBB,0.85073342,C,D,C,B,1
LG,3550,BBB-,0.327786539,A,A,A+,B+,3
LX세미콘,108320,A+,0.271227514,B+,B+,A,B+,2
LX인터내셔널,1120,AA,0.216034553,A,B+,A+,B+,3
LX하우시스,108670,BBB,0.677410116,A,A,A,B+,3
LS증권,78020,BB+,0.776407896,C,D,D,B,1
MH에탄올,23150,BBB,0.972820539,D,D,D,C,1
NAVER,35420,AA,0.60517483,A,A,A+,A,3
NHN KCP,60250,A-,0.763984026,B,B,B,B,2
NH투자증권,5940,AA,0.612325062,A,B+,A,A,3
NICE,34310,AA,0.568818448,B+,B,A,B+,2
NICE평가정보,30190,BB-,0.993537323,B+,C,B+,B+,2
NI스틸,8260,BBB+,-0.132861263,D,D,C,D,1
LX홀딩스,383800,BBB-,0.0022992,B+,A,A,B+,2
PI첨단소재,178920,AA-,0.992359942,B+,B+,A,B+,2
PKC,1340,BBB+,0.705640424,D,C,D,D,1
POSCO홀딩스,5490,BBB,0.983709217,A,A,A+,A,3
OCI홀딩스,10060,BBB-,0.762907012,A,B+,A+,A,3
S-Oil,10950,AA-,0.569106959,A,B+,A,A,3
SBS,34120,AA-,0.696954832,A,B+,B+,A,3
SB성보,3080,AA-,0.852974806,D,D,C,C,1
SFA반도체,36540,A,0.860182567,D,C,C,D,1
SGC E&C,16250,AA-,0.803330942,C,B,C,C,1
SGC에너지,5090,A+,0.807902046,B,A,B+,C,2
RFHIC,218410,BBB-,0.924911474,D,C,D,D,1
SG세계물산,4060,AA-,0.742787949,D,D,D,C,1
SG글로벌,1380,BBB-,0.978888942,D,C,D,D,1
SH에너지화학,2360,A,0.92149265,C,C,D,B,1
SIMPAC,9160,AA,0.956741559,D,C,C,D,1
SJG세종,33530,AA-,0.606725096,D,C,C,D,1
SHD,1770,BBB-,0.642367568,D,D,D,C,1
SKC,11790,A,0.679841321,A,A,A+,A,3
SK가스,18670,A,0.999733492,A,A,A+,A,3
SK네트웍스,1740,AA-,0.766429494,A+,A,A+,A+,4
SK디스커버리,6120,A-,0.783446598,A,A,A+,A,3
SK디앤디,210980,A+,0.607693576,A,A,A+,A,3
SK바이오사이언스,302440,BBB,0.578132379,A,B+,A+,A,3
SK스퀘어,402340,BBB+,-0.140052842,A+,A,A+,A+,4
SK아이이테크놀로지,361610,A+,-0.379587422,A,A,A+,A,3
SK오션플랜트,100090,A-,0.508445114,A+,A+,A+,A,4
SK이노베이션,96770,A-,0.977752653,A+,A,A+,A+,4
SK증권,1510,BBB+,-0.211671284,B+,A,B+,B+,0
SK케미칼,285130,BBB,0.881769594,A+,A+,A+,A+,4
SK텔레콤,17670,B,0.651635032,A,A,A+,A,3
SK하이닉스,660,BBB,0.708738912,B+,A,A+,B,2
SK,34730,BBB-,0.912132543,A,A,A+,A,3
SM Life Design,63440,A+,0.68017601,D,D,D,D,1
SNT다이내믹스,3570,B+,0.368131187,C,C,D,C,1
SNT모티브,64960,AA,0.789126991,C,C,C,C,1
SNT에너지,100840,BB-,0.578813832,C,C,D,B,1
SNT홀딩스,36530,BBB,0.704645801,B,C,D,B+,2
SOOP,67160,A+,0.616116668,B+,B,A,B+,2
SPC삼립,5610,A+,0.796748395,B,B,C,B,2
STX,11810,B,0.753761171,D,D,C,D,1
STX엔진,77970,BB,0.666706029,D,C,C,D,1
SUN&L,2820,A+,0.818010996,C,C,C,B,1
TCC스틸,2710,A,0.598805404,C,B,A,D,1
TP,7980,AA,0.30325774,C,C,C,C,1
TYM,2900,BBB,0.835113247,B+,B+,A,B,2
WISCOM,24070,A,0.46224117,C,C,D,C,1
YG PLUS,37270,BBB,0.938689283,D,D,D,D,1
SM C&C,48550,BB+,0.746605909,D,D,D,D,1
가온전선,500,AA-,0.285646389,B,A,A,C,2
강남제비스코,860,A+,0.846839558,B+,A,B+,B+,2
강원랜드,35250,BB-,0.950011671,A,A,A,A,3
강원에너지,114190,BB,0.744651595,D,C,D,D,1
갤럭시아머니트리,94480,AA,0.722647682,C,D,C,B,1
갤럭시아에스엠,11420,BB,0.871393518,D,D,D,D,1
경농,2100,BB+,-0.034420483,C,C,D,B,1
경동나비엔,9450,A,0.293905517,A,B+,A+,B+,3
경동도시가스,267290,AA,0.935425856,B,C,B+,B,2
경동인베스트,12320,AA,0.894501853,B,C,B+,B,2
경방,50,AA-,0.284120127,C,C,D,C,1
경보제약,214390,BBB+,0.664893067,B+,B+,A,B,2
경인양행,12610,BB+,-0.263727486,B+,B+,B+,B,0
경인전자,9140,BB+,0.973840288,D,D,D,D,1
계룡건설산업,13580,A+,0.532099932,B,B+,C,B+,2
계양전기,12200,AA-,0.938216353,D,C,C,D,1
고려산업,2140,AA,0.857168513,D,D,D,C,1
고려아연,10130,AA-,0.927110554,B+,B+,A,B+,2
고려제강,2240,BBB+,0.989232092,D,C,D,D,1
고영,98460,AA-,0.313532104,B+,B,A,B,2
골프존,215000,AA-,0.992683734,B+,A,A,B+,2
광동제약,9290,BB-,0.876491122,C,B+,C,C,1
광명전기,17040,BBB-,0.980247391,C,C,D,C,1
광전자,17900,A-,0.880301296,C,C,D,C,1
광주신세계,37710,AA,0.858439703,A,A,A+,A,3
교보증권,30610,AA-,0.455827782,B+,A,A,B+,2
교촌에프앤비,339770,BBB,0.660859757,D,D,D,C,1
국도화학,7690,BBB-,0.844340413,C,C,B,C,1
국보,1140,AA,0.816867528,D,C,D,D,1
국제약품,2720,BBB-,0.539585914,D,D,D,C,1
그린케미칼,83420,A+,0.492487943,C,C,D,C,1
극동유화,14530,BB,0.951264906,D,C,D,D,1
금강공업,14280,AA,0.921112926,D,C,D,D,1
금비,8870,AA,0.222443056,D,D,D,C,1
금양,1570,AA-,0.966499436,D,C,D,D,1
금호건설,2990,A+,0.999512172,B+,B,A,B,2
금호석유화학,11780,BB+,0.819712733,B+,A,A+,B,2
금호에이치티,214330,BBB,0.659023726,D,C,D,D,1
금호전기,1210,A,0.632904593,D,C,D,D,1
금호타이어,73240,A,0.827962143,B+,A,B+,B+,2
기신정기,92440,AA,0.771559215,D,D,D,C,1
기아,270,AA,0.7289954,A,A+,A+,B+,3
기업은행,24110,BBB+,0.528273924,A,A+,A+,A,3
까뮤이앤씨,13700,AA,0.77270563,C,D,D,B,1
깨끗한나라,4540,BBB-,0.705839003,B,B,B+,B,2
나노신소재,121600,AA,0.350909639,C,C,D,C,1
나스미디어,89600,BBB,0.968856949,B+,B+,A,B+,2
나우IB,293580,BBB+,0.608438984,D,D,D,C,1
남광토건,1260,AA,0.461523804,D,D,D,D,1
남선알미늄,8350,AA,0.261763135,D,C,D,D,1
남성,4270,AA-,0.737732001,D,D,D,D,1
남양유업,3920,A-,0.951328438,B,A,A+,C,2
남해화학,25860,A,0.988112359,C,C,D,C,1
네오위즈,95660,BB,0.974119183,C,D,D,B+,1
네이처셀,7390,A+,0.768718856,D,C,D,D,1
네패스,33640,A+,0.224827237,C,B,B+,D,1
넥센,5720,AA,0.967797191,B+,B+,A,B,2
넥센타이어,2350,BB,0.47541373,B,A,A+,C,2
넥스틴,348210,BB+,0.838142968,C,B,B,D,1
넥슨게임즈,225570,AA,0.934473106,D,D,D,C,1
넵튠,217270,B,0.811307484,C,D,C,B,1
넷마블,251270,AA,0.495148327,A,B+,A+,A,3
노루페인트,90350,AA-,0.535668978,A,A,A+,B+,3
노루홀딩스,320,BB,0.955015827,A,A,A+,B+,3
녹십자,6280,A-,0.984721468,B+,A,A+,B,2
녹십자홀딩스,5250,AA-,0.762213216,A,A,A+,B+,3
농심,4370,A,0.73503239,B,A,B+,C,2
농심홀딩스,72710,BB,0.960521762,B,B+,B+,B,2
농우바이오,54050,AA-,0.592613024,C,D,D,B,1
다스코,58730,BBB,0.113712095,C,C,D,B,1
다올투자증권,30210,BBB+,-0.076314596,B+,A,A,B+,2
다우기술,23590,AA-,0.605797676,A,A,A+,B+,3
다우데이타,32190,A,0.820404498,D,D,C,D,1
다원시스,68240,BBB-,0.868510672,D,D,D,D,1
다이나믹디자인,145210,BBB+,0.70864445,D,C,D,D,1
대교,19680,A+,0.680235337,B,D,B+,B+,2
대구백화점,6370,A+,0.986786095,C,D,C,B,1
대덕,8060,BBB,0.895804426,B+,B+,A,B,2
대덕전자,353200,AA-,0.777273139,B+,B+,A,B,2
대동,490,A+,0.88197062,B+,B+,A+,B,2
대동전자,8110,BB,0.432474519,D,D,D,D,1
대림바스,5750,AA,0.859818311,C,C,C,C,1
대림통상,6570,BBB+,0.928408825,D,C,C,D,1
대상,1680,A+,0.784693016,A,A,A+,B+,3
대상홀딩스,84690,BB,0.389009498,B,A,A+,C,2
대성산업,128820,BB-,0.416310616,C,C,B,D,1
대성에너지,117580,BBB+,0.339372913,B,B+,A,C,2
대성홀딩스,16710,A+,-0.049701224,C,B+,A,D,1
대신증권,3540,AA,0.749492644,B+,B+,A,B+,2
대양금속,9190,A+,0.900262878,D,C,C,D,1
대영포장,14160,AA-,0.539807144,D,D,D,D,1
대우건설,47040,A+,0.90442818,A,A,B+,A,3
대웅,3090,AA,0.619690357,B+,B+,A,B,2
대웅제약,69620,AA,0.517998826,B,B+,A,C,2
대원강업,430,AA-,0.515224063,B+,B+,A,B+,2
대원전선,6340,BB+,0.53068383,D,C,D,D,1
대원제약,3220,BBB+,0.213686996,B+,B+,A,B+,2
대원화성,24890,BBB,0.914882355,D,C,D,D,1
대주전자재료,78600,AA-,0.460130533,B+,B,A,B,2
대창,12800,A+,0.966958467,D,C,D,D,1
대창단조,15230,AA,0.703244355,C,C,D,C,1
대한방직,1070,BBB,0.983155561,C,C,D,C,1
대한유화,6650,BBB-,0.844435729,B+,B+,B+,B,2
대한전선,1440,AA,0.509146982,A,A,A+,B+,3
대한제강,84010,A+,0.584852696,C,C,C,C,1
대한제당,1790,B,0.987756186,C,C,D,C,1
대한제분,1130,AA-,0.582309656,C,C,C,C,1
대한항공,3490,AA,0.754028281,B+,B+,A,B+,2
대한해운,5880,A-,0.733071513,D,C,D,D,1
대한화섬,3830,A+,0.643591189,B+,B,A,B+,2
대현,16090,AA,0.983254977,C,D,D,B+,1
대호에이엘,69460,AA-,0.865379401,D,C,C,D,1
더네이쳐홀딩스,298540,A+,0.992420482,D,D,D,D,1
더블유게임즈,192080,BBB+,0.998317887,C,D,D,B+,1
더블유씨피,393890,BB,0.228949853,D,C,C,D,1
더존비즈온,12510,A+,0.617541222,C,C,D,C,1
덕산네오룩스,213420,AA-,0.916823876,D,C,D,D,1
덕성,4830,A,0.999864459,C,C,D,C,1
데브시스터즈,194480,A,0.491998961,C,D,D,B,1
덴티움,145720,AA,0.971140435,D,D,D,D,1
도화엔지니어링,2150,AA-,0.726182527,C,C,C,B,1
동국제약,86450,BBB-,0.948196539,C,B+,A,D,1
동국홀딩스,1230,BBB+,0.604039885,A,B+,A+,B+,3
동남합성,23450,BBB-,0.872336204,D,D,D,C,1
동방,4140,BB+,-0.126824554,C,B,B,C,1
동방아그로,7590,BBB,0.84332484,C,D,D,B,1
동부건설,5960,A,0.89040467,B+,B+,B+,B,2
동서,26960,BBB+,0.842970154,C,C,C,C,1
동성제약,2210,BB+,0.251780653,D,D,D,D,1
동성케미컬,102260,AA-,0.756325556,A,A,A+,A,3
동아쏘시오홀딩스,640,AA,-0.029154414,A+,A,A+,A+,4
동아에스티,170900,AA-,0.981087291,A,A,A+,A,3
동아지질,28100,A-,0.880039441,D,C,C,D,1
동아타이어,282690,A-,0.249469415,D,D,D,D,1
동양,1520,A-,0.928624785,C,B,B,C,1
동양고속,84670,BBB,0.306781517,D,C,D,D,1
동양생명,82640,AA-,0.969709131,B+,C,B+,B+,2
동양철관,8970,BBB-,0.257049675,D,C,D,D,1
동양피스톤,92780,A,0.638740756,C,C,C,C,1
동원F&B,49770,BBB,0.396176616,B,A,A,C,2
동원금속,18500,BBB,0.836083374,C,B,D,B,1
동원산업,6040,AA,0.990112404,B,A,A,C,2
동원수산,30720,BBB,0.674004523,D,D,D,D,1
동원시스템즈,14820,AA-,0.979443765,B+,B+,A+,B,2
동일고무벨트,163560,BBB+,0.944095363,B+,B+,A,B+,2
동일산업,4890,A,0.988712112,C,C,D,B+,1
동일제강,2690,AA,0.68437305,D,C,D,D,1
동진쎄미켐,5290,BB-,0.99214905,B,A,A,C,2
동화기업,25900,BBB+,0.967407016,D,D,C,D,1
동화약품,20,A+,0.779717205,C,B,B,C,1
두산,150,A-,0.999608582,A,A,A+,B+,3
두산밥캣,241560,A-,0.970384776,A,B+,A,A,3
두산에너빌리티,34020,BBB+,0.479144221,B+,A,A,B,2
두산테스나,131970,A,0.299352482,B+,B+,A,B+,2
두산퓨얼셀,336260,AA,0.477147195,A,A,A+,B+,3
두올,16740,AA-,0.008894103,D,D,C,C,1
드림어스컴퍼니,60570,A-,0.985098223,C,C,C,C,1
드림텍,192650,BB,0.71622321,C,C,D,B,1
디씨엠,24090,BB+,0.856506662,C,D,D,B+,1
디아이,3160,B+,0.807451836,D,C,C,D,1
디아이동일,1530,A-,0.9853577,D,D,D,C,1
디아이씨,92200,BBB,0.909510097,C,C,B,D,1
디어유,376300,A+,0.966260725,D,D,D,D,1
디와이,13570,BB+,0.997660995,C,D,D,B,1
디와이덕양,24900,A-,0.960014428,D,D,D,D,1
디와이파워,210540,A-,0.557800593,C,C,D,B+,1
락앤락,115390,BBB+,0.971369769,B+,A,A,B,2
레이크머티리얼즈,281740,A,0.591502104,C,C,D,C,1
레인보우로보틱스,277810,A+,0.729261049,D,D,D,D,1
로보스타,90360,BB-,0.811715069,D,D,D,C,1
롯데관광개발,32350,BBB-,0.978918317,D,D,D,D,1
롯데렌탈,89860,A-,0.583898539,A,A,A,A,3
롯데손해보험,400,BBB,0.633854427,B+,C,A,B+,2
롯데쇼핑,23530,AA,0.659863651,A,A,A+,A,3
롯데에너지머티리얼즈,20150,A,0.949054651,C,B,B+,C,1
롯데웰푸드,280360,AA-,0.974621027,A,A,A,A,3
롯데이노베이트,286940,BBB+,0.748570959,A,A,A+,A,3
롯데정밀화학,4000,AA-,0.773390479,A,A,A+,A,3
롯데지주,4990,BBB-,0.967896599,A,A,A+,A,3
롯데칠성음료,5300,A+,0.963748649,A,A+,A+,B+,3
롯데케미칼,11170,BBB-,0.823166468,A,A,A+,B+,3
롯데하이마트,71840,A+,-0.107057981,A,A,A+,A,3
루닛,328130,AA,0.473143929,B,C,B+,B,2
리가켐바이오,141080,A-,0.933948957,B+,B,A,B,2
리노공업,58470,BBB,0.738548558,D,C,D,D,1
리튬포어스,73570,AA,0.796675173,D,D,D,D,1
마니커,27740,AA,0.962123952,D,D,D,C,1
만호제강,1080,AA,0.65744142,D,C,D,D,1
매일유업,267980,A+,0.98703723,A,A,A+,A,3
멀티캠퍼스,67280,AA,0.872753614,D,D,D,C,1
메가스터디교육,215200,A,0.517514585,D,D,D,D,1
메디톡스,86900,AA-,0.860496537,B,B+,B+,C,2
메리츠금융지주,138040,A+,0.266001315,A,A,A,A,3
메이슨캐피탈,21880,AA,0.816116635,D,D,D,D,1
메지온,140410,A-,0.92420922,D,D,D,D,1
메타랩스,90370,AA,0.966563277,D,D,D,D,1
메타케어,118000,BBB-,0.649352774,D,D,D,D,1
명문제약,17180,A+,0.788119618,D,D,D,C,1
명신산업,9900,AA,0.115203294,C,C,C,C,1
모나리자,12690,BBB+,0.770677145,A,A,A+,A,3
모나미,5360,AA-,0.654583789,D,D,C,D,1
모나용평,70960,BB,0.873047692,D,C,D,D,1
모델솔루션,417970,A+,0.606704055,C,D,D,B,1
모두투어,80160,A,0.182058682,C,D,D,B+,1
모토닉,9680,BBB-,0.569065278,C,C,C,B,1
모트렉스,118990,BB-,0.462057554,D,C,D,D,1
무림P&P,9580,AA,0.74151902,A,A,A,B+,3
무림페이퍼,9200,A,0.121299155,B+,A,B+,B+,2
무학,33920,BB+,0.898049017,D,C,D,D,1
문배철강,8420,BBB,0.883914583,D,D,C,C,1
미래나노텍,95500,A-,0.999549742,C,C,B,D,1
미래산업,25560,BBB+,0.054,D,D,D,D,1
미래아이앤지,7120,A,0.624668033,D,D,D,D,1
미래에셋벤처투자,100790,BBB,0.903231261,C,D,D,B,1
미래에셋생명,85620,AA,0.716573236,B+,B+,A,B+,2
미래에셋증권,6800,A-,0.891006686,A,A+,A,B+,3
미스토홀딩스,81660,A-,0.727113972,B+,B+,A,B,2
미원상사,2840,AA-,0.00285512,C,C,D,C,1
미원에스씨,268280,BBB,0.43110421,B,C,B,B+,2
미원홀딩스,107590,AA,0.999741767,C,C,B,C,1
미원화학,134380,BBB,0.930645493,C,C,C,B,1
미창석유공업,3650,BB,0.97327901,D,C,D,D,1
바이오노트,377740,AA,0.924781289,D,D,D,C,1
바이오니아,64550,A,0.208501243,D,D,D,C,1
바텍,43150,AA-,0.605470432,D,D,D,D,1
박셀바이오,323990,AA-,0.705492312,C,D,D,B,1
방림,3610,AA,0.826497593,C,C,D,C,1
백산,35150,A-,0.835591097,C,C,C,C,1
범양건영,2410,A+,-0.355400607,D,D,C,D,0
벽산,7210,BB,0.907960776,B+,B+,B+,B,2
보락,2760,BB-,0.785781436,D,D,D,C,1
보령,3850,A+,0.760122453,A,A,A+,B+,3
보로노이,310210,AA,0.768105505,D,D,D,C,1
보해양조,890,B+,0.284865004,D,D,D,C,1
부광약품,3000,A+,0.927733132,B+,B,A+,B+,2
부국증권,1270,BBB+,0.633281118,C,D,B,C,1
부국철강,26940,A+,0.641326344,D,D,D,D,1
부산산업,11390,A,0.934312611,D,C,D,D,1
부산주공,5030,A-,0.417850756,C,C,C,C,1
비비안,2070,A-,0.917342105,D,D,D,D,1
비상교육,100220,AA-,0.855706232,B,D,B,B,2
비에이치,90460,A,0.120405919,C,B,B+,C,1
빙그레,5180,BBB,0.598910396,A,A,A+,A,3
사람인,143240,BBB,0.456607251,C,D,C,C,1
사조대림,3960,AA-,0.948679635,A,A,A,B+,3
사조동아원,8040,A+,0.627783689,B,B+,A,C,2
사조산업,7160,A+,0.866412894,B+,B+,B+,B+,2
사조씨푸드,14710,BB-,0.789209435,B,C,B+,B,2
사조오양,6090,BBB+,0.898569092,B,B+,A,C,2
삼부토건,1470,AA-,0.823638277,D,C,C,D,1
삼성E&A,28050,A+,0.327232794,A,A,A,A,3
삼성SDI,6400,AA,0.998660931,A+,A+,A+,A,4
삼성공조,6660,BBB-,0.984536639,D,D,C,C,1
삼성물산,28260,A+,0.94566266,A,A,A+,A,3
삼성바이오로직스,207940,AA-,0.138562461,A,A,A+,A,3
삼성생명,32830,AA,0.490290607,A,A,A+,B+,3
삼성에스디에스,18260,AA,0.42281192,A,B+,A+,A,3
삼성전기,9150,AA,0.625289798,A,A,A+,A,3
삼성전자,5930,AA,0.210880758,B+,B+,A,B,2
삼성제약,1360,AA-,0.840322152,D,D,D,D,1
삼성중공업,10140,AA,0.982298803,A,A,A,B+,3
삼성증권,16360,BBB,0.436976326,A,A+,A,B+,3
삼성출판사,68290,BBB-,0.481705152,C,D,D,B+,1
삼성카드,29780,AA,0.389749971,A,A+,A+,A,3
삼성화재해상보험,810,BBB,0.928997012,B+,A,A,B+,2
삼아알미늄,6110,BBB-,0.957607618,C,C,D,C,1
삼양사,145990,BBB-,0.961757394,A,A+,A+,B+,3
삼양식품,3230,A-,0.904718741,A,A,A+,A,3
삼양통상,2170,A,0.960566641,C,C,D,B,1
삼양패키징,272550,BB,0.953668682,B,A,A,C,2
삼양홀딩스,70,BBB+,0.629670522,A,A,A+,B+,3
삼영,3720,BBB+,-0.200719082,D,C,D,D,1
삼영무역,2810,BBB,0.501954641,C,D,D,B+,1
삼영전자공업,5680,A-,0.967369215,C,C,D,C,1
삼원강재,23000,A,0.769860207,B+,B+,B+,A,2
삼익THK,4380,AA-,0.891225308,C,C,C,B,1
삼익악기,2450,BBB+,0.791067547,D,D,D,D,1
삼일씨엔에스,4440,A,0.89286349,C,C,D,C,1
삼일제약,520,BB-,0.038980492,C,D,C,B,1
삼정펄프,9770,AA-,0.946803238,D,C,D,D,1
삼진제약,5500,AA,0.874274698,B,C,B,B+,2
삼천당제약,250,A,0.836099091,D,C,D,D,1
삼천리,4690,A+,0.798212521,C,B,B+,C,1
삼표시멘트,38500,BBB-,0.646680672,A,A,A+,A,3
삼호개발,10960,AA-,0.99986133,B+,B+,A,B+,2
삼화왕관,4450,BB-,0.862867761,C,C,D,C,1
삼화전기,9470,A+,0.314376788,D,C,C,D,1
삼화전자공업,11230,AA-,-0.193140928,D,D,D,D,1
삼화콘덴서공업,1820,A+,0.98814247,C,C,C,C,1
삼화페인트공업,390,AA,0.832747292,B+,B+,B+,B+,2
상상인증권,1290,AA,0.911116777,C,D,C,C,1
상신브레이크,41650,A+,0.977239138,C,C,C,C,1
상아프론테크,89980,A-,0.784211171,B,B+,B+,C,2
새론오토모티브,75180,A+,0.874568789,D,C,D,D,1
샘표,7540,BBB-,0.724274602,C,C,B+,C,1
샘표식품,248170,AA,0.958109574,C,C,B+,D,1
서부T&D,6730,A+,0.856060172,D,C,D,D,1
서연,7860,BB,0.640765145,B+,B+,A,B+,2
서연이화,200880,AA,0.970266778,B+,B+,A,B+,2
서울도시가스,17390,AA,0.94712945,C,C,C,C,1
서울반도체,46890,BBB+,0.678758,C,C,D,C,1
서울식품공업,4410,BBB+,0.749582155,D,C,D,D,1
서원,21050,AA-,0.012,C,C,D,C,1
서진시스템,178320,BBB+,0.546098852,D,C,C,D,1
서흥,8490,A+,0.751714466,C,B+,A,D,1
선도전기,7610,AA,0.864356281,D,C,C,D,1
선진,136490,A+,0.747839076,A,B,A,A,3
성문전자,14910,BB,0.310825944,D,C,D,D,1
성신양회,4980,BB,0.650410102,C,B+,A,D,1
성안머티리얼스,11300,AA,0.917037029,D,D,D,D,1
성우하이텍,15750,AA-,0.814824871,C,B,A,D,1
성일하이텍,365340,A-,0.15942128,C,C,C,C,1
성창기업지주,180,AA-,0.544936973,D,C,D,D,1
세기상사,2420,BBB-,0.662720725,C,D,D,B,1
세방,4360,A-,0.4859807,C,B,C,C,1
세방전지,4490,A,0.82719862,C,C,C,C,1
세아베스틸지주,1430,BBB,0.863756223,A,A,B+,A,3
세아제강,306200,AA,0.906444829,B+,B+,B+,B+,2
세아제강지주,3030,BBB+,0.740618963,B+,B+,B+,B+,2
세아특수강,19440,A+,0.957620002,B+,B+,B+,B+,2
세아홀딩스,58650,BB,0.708377259,B+,A,A,B+,2
세우글로벌,13000,A-,0.978369721,D,D,D,D,1
세원이앤씨,91090,A+,-0.481472753,D,D,D,D,0
세원정공,21820,AA,0.876411532,C,C,C,C,1
세이브존I&C,67830,A,0.495298525,D,D,D,C,1
세진중공업,75580,AA-,0.983965404,C,C,D,C,1
셀바스AI,108860,BBB,0.519868751,D,D,D,D,1
셀트리온,68270,A-,0.741286882,A,A,A+,A,3
셀트리온제약,68760,AA-,0.237912052,D,C,C,D,1
솔루스첨단소재,336370,AA-,-0.250783936,B+,B,B+,B+,0
솔루엠,248070,BBB+,0.945770328,B+,B+,B+,B,2
솔브레인,357780,A+,0.891513043,B+,B+,A+,B,2
솔브레인홀딩스,36830,A,0.972976224,B+,B+,A+,B,2
송원산업,4430,A,0.695259315,C,B+,B+,D,1
수산세보틱스,17550,AA,0.788588652,D,C,D,D,1
수산인더스트리,126720,A,0.897785944,C,C,D,C,1
스타에스엠리츠,204210,A-,0.900470103,D,D,D,D,1
스튜디오드래곤,253450,AA,0.973661558,A,A+,A,B+,3
스틱인베스트먼트,26890,BBB,0.903501893,B+,B+,A,B,2
시그네틱스,33170,A,0.829355326,C,C,C,C,1
시디즈,134790,A,0.659585626,D,C,D,D,1
시알홀딩스,480,BBB,0.556640142,C,C,B,C,1
신대양제지,16590,BB+,0.949928341,D,C,D,D,1
신도리코,29530,BB-,0.934915758,D,C,D,D,1
신라교역,4970,A+,0.793051508,D,D,D,C,1
신라젠,215600,AA,0.463667449,D,D,D,C,1
신성델타테크,65350,A+,0.969625462,C,C,D,B,1
신성이엔지,11930,BBB,0.570659353,C,C,C,C,1
신성통상,5390,A-,0.788118739,D,D,D,D,1
신세계,4170,A,0.848528841,A,A,A+,A,3
신세계I&C,35510,A-,0.90292279,A,A,A+,A,3
신세계건설,34300,A,0.76020566,B+,B+,B+,B+,2
신세계인터내셔날,31430,A+,0.974844844,A,A,A,A,3
신세계푸드,31440,BBB-,0.826666821,A,A,A+,A,3
신송홀딩스,6880,A+,-0.284727367,D,D,D,D,0
신영와코루,5800,AA,0.012992256,D,D,D,D,1
신영증권,1720,AA,0.650818058,B+,B+,A,B+,2
신원,9270,AA-,0.583457494,B+,B,A,B+,2
신일전자,2700,A+,0.985349327,D,D,D,C,1
신풍,2870,BBB,0.332812111,D,D,D,C,1
신풍제약,19170,A-,0.005530447,C,C,B+,D,1
신한지주,55550,AAA,0.213924692,A+,A+,A,A+,4
신화인터텍,56700,AA-,0.989812491,C,C,C,B,1
신흥,4080,BB,0.688015997,D,D,D,D,1
심텍,222800,AA-,0.702042159,A,B+,A+,B+,3
쌍방울,102280,A+,0.150762087,D,D,D,D,1
써니전자,4770,BBB-,0.83844692,D,C,D,D,1
쏘카,403550,AA-,0.492717468,C,D,D,B,1
씨아이에스,222080,A+,0.986754224,C,C,C,C,1
씨아이테크,4920,A+,0.680135447,D,D,D,D,1
씨에스윈드,112610,AA-,0.986641094,A,A,B+,A,3
씨젠,96530,AA,0.941433826,B+,B,A,B+,2
씨티알모빌리티,308170,BBB-,0.813340774,B,B,C,B,2
아난티,25980,A,0.928698809,C,B,B,D,1
아남전자,8700,A+,0.858293128,D,D,D,C,1
아모레퍼시픽,90430,AA,0.894191394,A,A,A+,A,3
아모레퍼시픽그룹,2790,AA-,0.338541841,A+,A,A+,A+,4
아세아,2030,BB+,0.517851173,A,A,A,A,3
아세아시멘트,183190,BBB,0.902161668,A,A,A,B+,3
아세아제지,2310,BB+,0.902776473,B+,B+,A,B,2
아센디오,12170,AA-,0.885706955,D,D,D,D,1
아시아나IDT,267850,BB+,0.71173524,B,C,B+,B,2
아시아나항공,20560,BB+,0.334606052,B+,A,B+,B+,2
아이마켓코리아,122900,A+,0.916830931,B,C,B+,B,2
아이센스,99190,BBB,0.865520971,B,C,B+,B+,2
아이에스동서,10780,AA,0.997359415,C,B,B+,C,1
아이에이치큐,3560,AA-,0.962125586,D,D,C,D,1
아이티엠반도체,84850,BB,0.93411907,B+,B+,A,B,2
아주IB투자,27360,BB,0.302641828,B,C,A,B,2
아주스틸,139990,AA,0.407691116,D,C,D,D,1
아진전자부품,9320,BBB,0.336650183,D,D,D,D,1
안랩,53800,A+,0.982291346,A,B+,A+,B+,3
알루코,1780,BB+,0.818747132,C,B,B,C,1
알테오젠,196170,BBB-,0.506300263,C,D,C,B,1
애경산업,18250,A,0.790091813,A,A,A+,A,3
애경케미칼,161000,A-,0.999753983,B+,B+,A,B+,2
에넥스,11090,BBB-,0.792191045,D,C,D,D,1
에스디바이오센서,137310,BBB,0.708248996,C,C,B,D,1
에스앤에스텍,101490,AA,0.332402124,C,D,D,B+,1
에스에프에이,56190,BBB+,0.99230985,C,C,C,B,1
에스엘,5850,A,-0.08996389,B,B+,A,C,0
에스엠,41510,BB+,0.608685707,B+,A,B+,B+,2
에스엠벡셀,10580,AA-,0.205422196,D,D,D,C,1
에스엠코어,7820,A-,0.682962429,C,D,C,C,1
에스원,12750,A,0.647110097,B+,B+,A,B+,2
에스제이엠,123700,A+,0.733185793,C,C,C,C,1
에스제이엠홀딩스,25530,BBB+,0.965262832,C,C,C,C,1
에스케이바이오팜,326030,BBB,0.715616562,A,B+,A+,A,3
에스티큐브,52020,AA-,0.858124225,D,D,D,D,1
에스티팜,237690,BBB,0.751274361,A,A,A+,B+,3
에스피지,58610,A+,0.846005797,D,D,D,C,1
에쓰씨엔지니어링,23960,BBB+,0.916389613,D,C,D,D,1
에어부산,298690,BB-,0.927388498,C,B+,B+,D,1
에이리츠,140910,BB,0.88832697,C,D,D,B,1
에이블씨엔씨,78520,AA,0.767235157,B+,B,B+,B+,2
에이비엘바이오,298380,AA-,0.878186352,C,D,D,B+,1
에이엔피,15260,A-,0.339719113,D,C,D,D,1
에이프로젠,7460,BBB+,0.335164966,D,D,D,D,1
에이프로젠바이오로직스,3060,AA-,0.871660375,D,C,D,D,1
에이플러스에셋,244920,A+,0.892885944,D,D,D,C,1
에치에프알,230240,A+,0.151970421,D,D,D,D,1
에코마케팅,230360,BBB+,-0.064162572,C,D,D,B,1
에코프로,86520,AA-,0.665674078,C,B,B+,D,1
에코프로비엠,247540,BB+,0.984080244,C,B,B+,D,1
에코프로에이치엔,383310,AA-,0.690797748,B,B,B,B+,2
에프에스티,36810,BBB+,0.234180379,C,C,D,C,1
엑시큐어하이트론,19490,BBB-,0.712398,D,C,D,D,1
엔씨소프트,36570,AA,0.33895251,A,B+,A+,A,3
엔에이치엔,181710,A,0.60080076,A,A,A+,A,3
엔케이,85310,AA,0.908916521,D,D,D,D,1
엔케이맥스,182400,AA-,0.700606875,D,D,D,D,1
엔켐,348370,BB,0.876663587,D,C,C,D,1
엔피씨,4250,B+,0.495835543,D,C,C,D,1
엘앤씨바이오,290650,A,0.77208165,C,D,D,B+,1
엘앤에프,66970,BB-,0.537818864,B,B+,A,C,2
엘에스일렉트릭,10120,BBB-,0.857666818,A,A,A,A,3
엠로,58970,BBB-,0.554890846,D,D,D,C,1
엠씨넥스,97520,A-,0.099082366,B,C,B+,B+,2
영보화학,14440,BBB,0.630921019,D,C,C,D,1
영원무역,111770,BBB,0.909849238,B+,B+,B+,B+,2
영원무역홀딩스,9970,A+,0.523629805,A,B+,B+,A,3
영진약품,3520,BB+,0.58471195,B+,B+,A,B+,2
영풍,670,AA-,0.817473961,B,C,B,B+,2
영풍정밀,36560,AA-,0.351609483,B+,B+,A,B+,2
영풍제지,6740,BB,-0.107353957,D,C,D,D,1
영화금속,12280,AA,0.841945461,D,C,D,D,1
영흥,12160,AA-,-0.992225081,C,C,D,C,0
오뚜기,7310,BBB+,0.985885317,A,A,A+,B+,3
오리엔트바이오,2630,A+,0.814351654,D,D,D,D,1
오리온,271560,AA-,0.707968787,A,A,A,B+,3
오리온홀딩스,1800,A,0.874003819,A,A,A,A,3
오리콤,10470,BBB,0.710439275,B,D,C,B+,2
오스코텍,39200,BBB,0.404885367,D,D,D,D,1
온타이드,5320,AA,0.326209858,D,D,D,D,1
와이즈버즈,273060,AA-,0.477829046,D,D,D,C,1
와이지엔터테인먼트,122870,BBB+,0.241433039,B,A,C,B+,2
와이투솔루션,11690,AA-,0.317781286,C,C,C,C,1
우리금융지주,316140,AA,0.999874353,A,A+,A,B+,3
우리기술투자,41190,BB-,0.981485874,D,D,D,D,1
우성,6980,AA-,0.816659629,D,D,C,D,1
우신시스템,17370,BB+,0.528421167,C,D,D,B,1
우진,105840,BBB-,0.429916119,C,D,C,B,1
우진아이엔에스,10400,A+,0.754614902,C,C,C,B,1
우진플라임,49800,BBB,0.98572633,D,C,D,D,1
웅진,16880,AA-,0.704640998,B,C,B+,B,2
웅진씽크빅,95720,BBB+,0.359317176,B,B,A+,C,2
원림,5820,AA,0.747375192,D,D,D,C,1
원익IPS,240810,A+,0.601337583,B,B,A,C,2
원익QnC,74600,A-,0.395836389,C,B+,A,D,1
원텍,336570,BB,0.682735598,D,D,D,D,1
웰바이오텍,10600,A,0.970969854,D,D,D,D,1
웹젠,69080,AA-,0.936821916,B,D,C,B+,2
위메이드,112040,AA,0.455598924,C,B+,A,C,1
윌비스,8600,BBB-,0.597757426,D,D,C,D,1
유나이티드,33270,BBB+,0.99179247,B+,B,B+,B+,2
유니드,14830,BBB,0.95035113,B,B,B+,B,2
유니드비티플러스,446070,BB,0.694043475,C,C,C,C,1
유니슨,18000,BBB+,0.213274414,C,C,C,B,1
유니온,910,BBB+,0.634900029,C,C,C,B,1
유니온머티리얼,47400,BB+,0.834954402,C,C,D,C,1
유니켐,11330,BBB,0.300028096,D,C,D,D,1
유니퀘스트,77500,A-,0.987046964,D,D,D,C,1
유니테스트,86390,BB+,0.650044116,C,D,C,C,1
유성기업,2920,BB-,0.625510252,C,C,C,B,1
유수홀딩스,700,AA,0.829015138,B+,B+,A,B+,2
유안타증권,3470,BBB,0.597262794,C,C,D,B,1
유엔젤,72130,A-,0.525409453,D,D,D,D,1
유유제약,220,A-,0.496022187,C,D,C,C,1
유진기업,23410,A+,0.52053324,D,D,D,D,1
유진증권,1200,BBB-,0.979650083,C,B,D,B,1
유진테크,84370,A-,0.809150434,C,C,C,C,1
유한양행,100,A,0.826287824,A,B+,A+,A,3
유화증권,3460,BBB-,0.580779571,D,D,D,C,1
윤성에프앤씨,372170,AA,0.802763767,C,C,D,C,1
율촌화학,8730,AA-,0.939025732,C,C,C,C,1
이건산업,8250,BB+,0.225181086,D,D,D,D,1
이구산업,25820,BBB+,0.880197898,C,C,D,B,1
이노션,214320,BBB-,0.089441952,A,A,A+,B+,3
이녹스첨단소재,272290,A,0.896302931,B+,B+,B,B+,2
이니텍,53350,BB,0.68388757,B,C,C,B+,2
이마트,139480,A,0.892111887,A,A,A,A,3
이수페타시스,7660,A,0.245070655,B,B+,A,C,2
이수화학,5950,BB+,0.540429007,B,B+,B+,C,2
이스타코,15020,BBB-,0.959533835,D,D,D,D,1
이아이디,93230,A-,0.861541312,D,D,D,D,1
이엔플러스,74610,BBB-,0.110255369,D,C,D,D,1
이엠텍,91120,A+,0.291252395,D,D,D,C,1
이연제약,102460,BBB-,0.959325091,C,D,D,B+,1
이오테크닉스,39030,B+,0.949351059,D,C,D,D,1
이오플로우,294090,A+,0.838606324,C,D,C,B,1
이월드,84680,A-,0.420265941,D,D,D,D,1
이화산업,760,AA,0.679246149,D,C,D,D,1
인디에프,14990,BB,0.882239418,D,D,D,C,1
인바이오젠,101140,BB+,0.982929492,D,D,D,D,1
인선이엔티,60150,A-,0.899553487,C,C,C,C,1
인스코비,6490,A-,0.947878532,D,D,D,D,1
인지컨트롤스,23800,A,0.052749006,C,C,C,C,1
인천도시가스,34590,AA-,0.363299442,B,D,B,B+,2
인크로스,216050,BBB-,0.873654168,B,D,C,B+,2
인탑스,49070,A,0.211604389,B,C,B+,B,2
인터지스,129260,AA-,0.841548865,C,C,C,C,1
인터플렉스,51370,AA-,0.743265853,C,C,B,C,1
인텔리안테크,189300,BB+,0.678103073,C,B,B,C,1
인팩,23810,BBB,0.531907668,C,C,D,C,1
일동제약,249420,A,0.972711006,A,A,A,B+,3
일동홀딩스,230,B+,0.295433426,B+,A,A,B+,2
일성건설,13360,BBB-,0.594562006,D,C,D,D,1
일성아이에스,3120,BBB,0.462312698,D,D,D,C,1
일신방직,3200,A+,0.299935457,D,C,C,D,1
일신석재,7110,AA,0.900488072,D,D,D,D,1
일양약품,7570,BB+,0.485207924,C,D,C,B+,1
일정실업,8500,AA-,0.723064583,D,D,D,D,1
일진다이아,81000,A,0.323299593,D,D,D,C,1
일진디스플,20760,A,0.771685238,C,C,D,B,1
일진전기,103590,BBB+,0.463867382,D,C,C,D,1
일진하이솔루스,271940,AA-,0.987780828,C,C,C,C,1
일진홀딩스,15860,A-,0.990672293,B,C,C,B+,2
잇츠한불,226320,A-,0.865422521,C,C,C,B,1
자이에스앤디,317400,A+,0.98092517,B,C,B+,B,2
자화전자,33240,BB+,0.950691462,C,C,D,C,1
전방,950,BB-,0.949152747,D,C,D,D,1
제넥신,95700,BBB,0.857372493,C,D,C,B,1
제이시스메디칼,287410,A+,0.434720655,C,D,D,B,1
제이앤티씨,204270,A,0.997985641,C,C,D,C,1
제이에스코퍼레이션,194370,AA,0.830596201,C,D,D,B+,1
제이준코스메틱,25620,A,0.50338386,D,D,D,D,1
제일기획,30000,A,0.399279269,A,A,A+,A,3
제일약품,271980,AA,0.541102004,C,C,B+,D,1
제일연마,1560,BBB+,0.876564063,C,C,D,B+,1
제일파마홀딩스,2620,BB+,0.500881615,C,C,B+,C,1
제주은행,6220,AA,0.888945834,A,A,A,A,3
제주항공,89590,A,0.997444199,A,A+,A+,B+,3
젬백스,82270,AA-,0.826900539,D,C,C,D,1
조광페인트,4910,B+,0.728949517,B+,B+,A,B,2
조광피혁,4700,BBB+,0.780901935,C,D,D,B,1
조비,1550,A,0.762393785,D,D,D,D,1
조선선재,120030,BBB+,0.189357522,D,D,D,C,1
조일알미늄,18470,BBB-,0.491438001,C,C,D,B,1
조흥,2600,BB+,0.653764741,B,B+,C,B,2
종근당,185750,BBB-,0.105983607,A,A,A,B+,3
종근당바이오,63160,AA-,0.587144443,B+,B+,A,B+,2
종근당홀딩스,1630,AA,0.967337226,A,A,A,A,3
주성엔지니어링,36930,A+,0.686056596,B+,B+,A,B+,2
주성코퍼레이션,109070,AA,0.894705188,D,C,D,D,1
주연테크,44380,BBB-,0.054383495,D,D,D,D,1
지누스,13890,AA,0.870704913,A,A,A+,A,3
지씨셀,144510,A+,0.831811261,B+,B+,A,B,2
지엠비코리아,13870,AA-,0.556961534,D,D,C,D,1
지역난방공사,71320,BBB,0.983709086,A+,A+,A+,A,4
진도,88790,BBB,0.790449131,D,D,D,D,1
진양산업,3780,AA,-0.236780858,D,D,D,D,1
진양폴리우레탄,10640,BBB-,0.893655605,D,D,D,D,1
진양홀딩스,100250,BBB+,0.522370904,D,D,D,D,1
진양화학,51630,A+,0.729210902,D,C,C,D,1
진에어,272450,BBB+,0.843396834,A,A+,A,A,3
진원생명과학,11000,A-,0.882672783,D,D,D,D,1
진흥기업,2780,AA,0.592197957,C,D,C,B,1
차바이오텍,85660,BBB,0.69464016,C,D,C,C,1
참엔지니어링,9310,A,0.501307197,D,D,D,C,1
천보,278280,AA,0.925875008,C,C,D,C,1
천일고속,650,A+,0.988106216,D,C,D,D,1
청호ICT,12600,A-,0.919866969,D,D,D,D,1
체시스,33250,A-,0.809494161,D,C,D,D,1
카카오,35720,AA,0.925454688,A,A+,A,B+,3
카카오게임즈,293490,B+,0.616880399,A,A,A+,A,3
카카오뱅크,323410,AA,0.896801004,A,A,A,A,3
카카오페이,377300,A+,0.981894044,B+,A,B+,B+,2
카프로,6380,AA-,0.976995363,D,C,D,D,1
커넥트웨이브,119860,A+,0.888013683,C,D,C,C,1
컴투스,78340,BBB-,0.418777312,A,A,A+,B+,3
케어젠,214370,B+,0.654003808,B,C,C,B+,2
케이비아이동국실업,1620,A-,0.845294425,D,D,D,D,1
케이씨,29460,BBB-,0.808747747,B,C,B+,B,2
케이씨씨,2380,A+,0.963264964,B+,B+,A,B+,2
케이씨씨글라스,344820,BBB+,0.75077151,A,A,A+,B+,3
케이씨텍,281820,A-,0.720093758,C,C,C,B,1
케이씨티시,9070,A+,0.839901661,D,C,D,D,1
케이엔더블유,105330,A,0.598564411,C,C,C,C,1
케이엠더블유,32500,AA-,0.797231911,C,C,D,C,1
케이카,381970,BBB+,0.530994866,B,C,B,B,2
케이탑리츠,145270,AA,-0.01375031,D,D,D,D,1
케이티,30200,AA,-0.443230549,A+,A,A+,A+,4
케이티스카이라이프,53210,BBB+,0.447461978,B+,B+,A,B+,2
케이티알파,36030,AA,0.636234443,B+,B+,A,B+,2
케이티앤지,33780,AA-,0.893264762,A,A,A+,A,3
코리아써키트,7810,A,0.616348049,C,B,D,D,1
코리아에셋투자증권,190650,AA-,0.78206667,C,D,B,C,1
코리안리,3690,A,0.64572438,A,A,A+,A,3
코미코,183300,A,0.840063727,B,A,B,C,2
코미팜,41960,AA-,0.922783406,C,C,D,C,1
코스맥스,192820,BB-,0.485239257,B+,A,A+,B,2
코스맥스비티아이,44820,A+,0.56049666,B,A,A+,C,2
코스모신소재,5070,A+,0.95910645,C,C,D,C,1
코스모화학,5420,BB+,0.871699063,D,C,D,D,1
코아스,71950,AA-,0.657529736,C,C,D,B,1
코오롱,2020,AA,0.975166227,B+,B+,A,B,2
코오롱ENP,138490,A,0.639074276,B,B+,C,B+,2
코오롱글로벌,3070,BB,0.673509045,B+,B,A,B+,2
코오롱생명과학,102940,BB-,0.938532596,C,D,C,B+,1
코오롱인더,120110,A+,0.963558169,A,B+,A+,B+,3
코웨이,21240,BBB-,0.920616719,A,B+,A+,B+,3
코웰패션,33290,AA,0.924371243,C,C,D,C,1
콘텐트리중앙,36420,BBB,0.496581669,D,C,D,D,1
콜마비앤에이치,200130,BB+,0.866790669,A,B+,A,A,3
콜마홀딩스,24720,A,0.758936083,A,A,A+,A,3
콤텍시스템,31820,A-,0.478569248,C,B+,B+,D,1
쿠쿠홀딩스,192400,A,0.420428076,C,D,C,B,1
쿠쿠홈시스,284740,A+,-0.01598146,C,D,C,B,1
큐렉소,60280,BB,0.876361531,D,D,D,D,1
큐캐피탈,16600,AA-,0.589139233,D,D,D,D,1
크라운제과,264900,BBB,0.943436094,C,C,C,B,1
크라운해태홀딩스,5740,A-,0.786576005,C,C,C,C,1
크래프톤,259960,A,0.974821824,B+,C,A,A,2
클래시스,214150,BB,0.730993784,A+,A,A+,A+,4
키다리스튜디오,20120,AA,0.490765323,D,D,D,D,1
키움증권,39490,A+,0.960348921,B+,B,A,B+,2
키이스트,54780,B,0.810051525,D,D,D,D,1
탑머티리얼,360070,A+,0.767034164,C,D,D,B,1
태경비케이,14580,BBB-,0.604411079,D,C,D,D,1
태경산업,15890,AA-,0.342886567,D,C,D,D,1
태경케미컬,6890,AA,0.979407391,D,D,C,D,1
태광산업,3240,AA-,0.90939968,B,B+,A+,C,2
태림포장,11280,AA,0.970537591,B,B+,A+,C,2
태양금속공업,4100,BBB-,0.947882761,C,C,D,C,1
태영건설,9410,B,0.355681101,B,B+,B+,C,2
태원물산,1420,BBB-,0.945475817,D,D,D,D,1
테스,95610,A,0.658871019,B+,B,B+,B+,2
테이팩스,55490,A-,0.692467033,B+,B+,A,B+,2
텔코웨어,78000,A,0.990921066,C,D,D,B+,1
토니모리,214420,BBB,0.446923633,C,D,D,B,1
티비에이치글로벌,84870,B+,0.761367072,C,D,D,B,1
티씨케이,64760,A-,0.902554122,B+,B,A,B+,2
티에스이,131290,A,0.953329404,D,D,D,C,1
티에이치엔,19180,BBB-,0.598009871,D,C,C,D,1
티와이홀딩스,363280,BBB-,0.952129852,C,B+,B+,D,1
티웨이항공,91810,AA,0.254065235,B+,A,B,B+,2
티웨이홀딩스,4870,BB+,0.090390634,D,D,D,D,1
티케이지휴켐스,69260,A,0.870693991,B+,B+,A,B,2
티케이케미칼,104480,BB,0.424695642,D,C,D,D,1
파라다이스,34230,BBB+,0.650154764,D,D,D,C,1
파마리서치,214450,B,0.993097712,B,D,B+,B+,2
파미셀,5690,A+,0.10306223,D,D,D,C,1
파크시스템스,140860,A+,0.373895006,C,C,D,B,1
파트론,91700,BB-,0.928991621,D,C,D,D,1
팜스코,36580,A+,0.999397182,B+,B,B+,B+,2
팜젠사이언스,4720,BBB-,0.991232602,C,C,B,D,1
팬오션,28670,AA,0.918574811,A,A,A+,A,3
퍼스텍,10820,BBB+,0.718436538,D,C,C,D,1
퍼시스,16800,A-,0.951395621,C,B,C,C,1
펄어비스,263750,AA-,0.472906307,B+,B+,A+,B,2
페이퍼코리아,1020,AA,0.620588214,C,C,C,C,1
평화산업,90080,AA,0.482480962,C,B,B,C,1
평화홀딩스,10770,BB,0.930871058,B,B,B,B,2
포스코DX,22100,AA,0.588405716,A,A,A+,B+,3
포스코스틸리온,58430,A+,0.907573475,A,A,A+,B+,3
포스코엠텍,9520,BBB,0.627689533,A,A,A+,A,3
포스코인터내셔널,47050,A+,0.574253908,A,B+,A+,A,3
포스코퓨처엠,3670,AA,0.537984098,A+,A+,A+,A,4
풀무원,17810,B+,0.854313608,A,A,A+,A,3
풍산,103140,AA,0.995893742,B+,B,B+,B+,2
풍산홀딩스,5810,A+,0.867291462,B+,B,B,B+,2
프로텍,53610,BB,0.90707877,C,C,D,C,1
플레이그램,9810,AA-,0.628729399,D,D,D,D,1
플레이디,237820,AA,0.292819109,B+,B+,B+,B+,2
플루토스,19570,AA,0.913675847,D,D,D,D,1
피에스케이,319660,B+,0.920222166,B,C,B,B,2
피엔티,137400,AA,0.553607742,D,D,D,C,1
하나금융지주,86790,A-,0.489915756,A,A+,A+,A,3
하나기술,299030,BBB,0.275590585,C,C,D,B,1
하나마이크론,67310,AA,0.318986686,C,B+,A,D,1
하나머티리얼즈,166090,A-,0.876783778,B,B,A,C,2
하나제약,293480,BBB,0.912136762,D,D,D,C,1
하나투어,39130,A+,0.978508423,A,A,A,A,3
하림,136480,BBB-,0.974897764,A,A,A,A,3
하림지주,3380,BBB,0.779178719,B+,A,A,B+,2
하이드로리튬,101670,A+,0.828741159,D,D,D,D,1
하이브,352820,AA,0.869431989,B+,B,A,B+,2
하이스틸,71090,A-,0.694599467,C,C,C,C,1
하이트진로,80,BBB,0.335928637,B+,A,A,B,2
하이트진로홀딩스,140,A-,0.391084932,B+,A,A,B,2
한국가스공사,36460,AA,0.955149981,A,A,A+,A,3
한국공항,5430,BB+,0.666386182,A,A,A,B+,3
한국금융지주,71050,AA,0.121022644,B+,B+,B+,B+,2
한국내화,10040,BBB,0.409050242,B+,B+,A,B,2
한국단자공업,25540,A-,0.97121062,C,C,C,C,1
한국무브넥스,10100,BBB-,0.351793217,C,B,C,C,1
한국석유공업,4090,BB+,0.77728177,B+,B+,B+,A,2
한국수출포장공업,2200,AA-,0.298774086,C,C,D,C,1
한국쉘석유,2960,BBB-,0.820561202,D,D,D,C,1
한국앤컴퍼니,240,AA-,0.509457645,B+,B+,A,B,2
한국자산신탁,123890,AA,0.859670301,C,C,D,C,1
한국전력공사,15760,AA-,0.910947321,B,C,D,A,2
한국전자홀딩스,6200,A-,0.656297383,D,C,D,D,1
한국정보인증,53300,BBB-,0.60934231,D,D,C,D,1
한국정보통신,25770,A,0.564601005,C,D,D,B,1
한국제지,27970,BBB,-0.153010031,C,C,C,C,1
한국종합기술,23350,BBB,0.656605169,B,C,B,B+,2
한국주강,25890,A+,0.821633302,D,D,D,D,1
한국주철관공업,970,BB,0.920823896,D,C,D,D,1
한국철강,104700,A+,0.028984709,C,C,D,C,1
한국카본,17960,BBB,0.951096364,C,B+,B+,D,1
한국캐피탈,23760,AA,0.799164975,C,D,D,B,1
한국콜마,161890,BBB,0.801281433,A,A,A+,A,3
한국타이어앤테크놀로지,161390,AA,0.919237457,C,B+,A,D,1
한국토지신탁,34830,A+,0.733642425,D,D,C,D,1
한국특강,7280,AA,0.277138159,C,C,C,C,1
한국항공우주,47810,AA,0.582343291,A,A,A,B+,3
한국화장품,123690,BBB,0.583006457,D,D,D,D,1
한국화장품제조,3350,BBB+,0.72752477,D,D,C,D,1
한글과컴퓨터,30520,AA-,0.882487831,D,D,D,C,1
한농화성,11500,A-,0.874456642,D,C,D,D,1
한독,2390,AA,-0.05162253,A,A,A+,B+,3
한미글로벌,53690,AA-,0.784309664,B+,A,A,B+,2
한미반도체,42700,BBB-,-0.148220713,D,D,D,D,1
한미사이언스,8930,BBB,0.556550817,B+,B+,A,B+,2
한미약품,128940,A+,0.508127479,B,A,A+,C,2
한샘,9240,BBB,0.912882843,A,B+,A,A,3
한섬,20000,BB,0.992098947,A,A,A+,A,3
한성기업,3680,A+,0.736110295,C,B,B+,D,1
한세실업,105630,B+,0.998230674,A,B+,A,A,3
한세엠케이,69640,AA-,0.893132998,B+,B+,B+,B+,2
한세예스24홀딩스,16450,A-,0.92913505,A,B+,A,A,3
한솔로지스틱스,9180,BBB-,0.511213205,B+,C,B+,A,2
한솔아이원스,114810,AA-,0.882329565,B+,B,B+,B+,2
한솔인티큐브,70590,AA-,0.747707476,B+,C,B+,A,2
한솔제지,213500,BBB,0.371804267,A,A,A+,A,3
한솔케미칼,14680,BB-,0.396712599,A,B+,A,A,3
한솔테크닉스,4710,A,0.987731774,B+,B+,B+,B+,2
한솔피엔에스,10420,BB,0.742572818,B+,B,B,A,2
한솔홀딩스,4150,B+,0.380970576,A,B+,A,A,3
한솔홈데코,25750,AA,0.962234212,B+,B+,B,B+,2
한신공영,4960,BBB-,0.618920022,D,C,C,D,1
한신기계공업,11700,B,0.740416479,C,C,C,C,1
한양증권,1750,BBB,0.261357765,C,D,C,C,1
한온시스템,18880,A+,0.928438335,B+,A,A+,B,2
한올바이오파마,9420,BBB,0.684875223,C,D,D,B+,1
한익스프레스,14130,AA-,0.773625347,D,C,D,D,1
한일시멘트,300720,BBB+,0.825179928,A,A,A+,B+,3
한일철강,2220,BBB,0.999815471,D,D,D,D,1
한일현대시멘트,6390,BBB+,0.893771407,A,A,A,B+,3
한일홀딩스,3300,B+,0.900579057,A,A,A+,B+,3
한전KPS,51600,AA-,0.927451214,A,A+,A+,B+,3
한전기술,52690,AA-,0.979646465,A,A,A+,B+,3
한전산업,130660,BBB+,0.663168199,C,C,C,C,1
한진,2320,B,0.881730034,A,A,A,A,3
한진중공업홀딩스,3480,A-,-0.12839093,C,D,C,B+,1
한진칼,180640,A+,0.989054372,A,B+,A,A,3
한창,5110,AA-,0.917812614,D,D,D,D,1
한창제지,9460,A,0.737604855,C,C,D,C,1
한컴라이프케어,372910,A-,0.831816867,D,C,C,D,1
한화,880,AA-,0.262003697,B+,A,B+,B+,2
한화생명,88350,AA-,0.63358958,A,A,A+,B+,3
한화손해보험,370,A-,0.759826281,A,A,A+,B+,3
한화솔루션,9830,A+,0.230173752,B+,A,A+,B,2
한화시스템,272210,A+,0.574926587,A,A,A+,A,3
한화에어로스페이스,12450,A-,0.892825072,A,A,A+,B+,3
한화엔진,82740,BB+,0.543471634,B+,B+,A,B+,2
한화오션,42660,A-,0.964994667,B+,A,B,B,2
한화투자증권,3530,A,0.98456943,A,A,A+,B+,3
해성디에스,195870,A+,0.639506806,A,A,A+,B+,3
해태제과식품,101530,A,0.93339439,D,D,C,D,1
핸즈코퍼레이션,143210,A,0.845699116,D,C,D,D,1
현대건설,720,AA-,0.719427535,A,BBB,A,B+,3
현대글로비스,86280,AA-,0.921937974,A,A,A+,A,3
현대로템,64350,A+,0.976448774,A+,A+,A+,A,4
현대리바트,79430,AA-,0.016,A,A,A+,A,3
현대모비스,12330,AA,0.752232686,A,A+,A+,B+,3
현대바이오,48410,AA,0.757834358,D,D,D,D,1
현대바이오랜드,52260,A,0.811822531,A,A,A+,A,3
현대백화점,69960,A-,0.606276321,A+,A+,A+,A,4
현대비앤지스틸,4560,AA,0.993633449,B+,B+,A,B,2
현대사료,16790,A,0.811476349,D,D,D,D,1
현대약품,4310,BB,0.821731371,C,C,C,C,1
현대에버다임,41440,A-,0.973567642,A,B+,A,A,3
현대엘리베이터,17800,AA,0.605997661,A,A,A+,B+,3
현대오토에버,307950,A,0.525159044,A,A,A+,A,3
현대위아,11210,A,0.781327622,A+,A+,A+,A,4
현대이지웰,90850,BBB,0.871039024,A+,A+,A+,A+,4
현대자동차,5380,A+,0.555734151,A,A+,B+,A,3
현대제철,4020,BBB+,0.361894812,A,A,A,B+,3
현대지에프홀딩스,5440,A,0.950484793,A,A+,A+,A,3
현대차증권,1500,BBB+,0.973348891,B+,A,A,B+,2
현대코퍼레이션,11760,BBB+,0.946233498,B+,B+,B+,B+,2
현대코퍼레이션홀딩스,227840,A+,0.434352474,B+,B,B+,B+,2
현대퓨처넷,126560,BBB,0.699317344,A,A+,A+,A,3
현대해상,1450,BBB+,0.529965754,A,A,A+,A,3
현대홈쇼핑,57050,AA,0.533194466,A+,A,A+,A+,4
형지엘리트,93240,A,0.745765471,D,D,D,D,1
혜인,3010,A+,0.86785982,D,D,D,D,1
호전실업,111110,BB,0.683060601,C,D,D,B+,1
호텔신라,8770,BBB,0.881445708,A,B+,A,A,3
화승알앤에이,378850,BB-,0.388688296,B+,B+,B+,B+,2
화승엔터프라이즈,241590,A-,0.778884509,B+,B+,A,B+,2
화승인더스트리,6060,BB-,0.421071217,B+,B+,A,B+,2
화승코퍼레이션,13520,A-,0.782063702,B+,B+,B+,B+,2
화신,10690,A+,0.333936731,B+,B+,A,B,2
화인베스틸,133820,BB+,0.721995823,D,C,D,D,1
화천기계,10660,BBB-,0.834379819,C,D,C,C,1
화천기공,850,BBB-,0.820642278,C,D,C,C,1
환인제약,16580,A-,0.80266911,C,D,C,B+,1
황금에스티,32560,A+,0.994402085,C,D,D,B+,1
효성,4800,BBB,0.884275831,A,A,A+,B+,3
효성 ITX,94280,BBB+,0.795990969,A,A,A+,A,3
효성중공업,298040,A-,0.424206025,B+,A,A+,B,2
효성티앤씨,298020,A+,0.385485035,B+,A,A+,B,2
효성화학,298000,A-,0.876274341,A,A,A+,B+,3
후성,93370,BBB+,0.445933598,B,B+,A,C,2
휴니드테크놀러지스,5870,AA,0.687569944,C,C,D,C,1
휴비스,79980,A,0.960098626,B+,B+,A,B+,2
휴스틸,5010,BBB+,0.915158203,C,C,C,C,1
휴온스,243070,BBB,0.743641361,A,A,A,B+,3
휴젤,145020,BB,0.991996296,C,C,C,B,1
흥국화재,540,A-,0.970731797,B+,C,B+,B+,2
흥아해운,3280,AA-,0.802829839,B,B,B+,B,2
