iter	RMSE
0	278.7280018
1	277.6902529
2	275.6561641
3	275.2972625
4	274.4090155
5	273.6554265
6	273.4489236
7	272.0085679
8	270.3626951
9	268.6340828
10	268.3824469
11	267.068393
12	265.3475455
13	264.6784867
14	263.8310224
15	262.7104179
16	261.6974418
17	260.9052952
18	259.5920025
19	258.2117662
20	258.0877994
21	257.9865326
22	256.7608895
23	255.2329086
24	254.5324122
25	254.294484
26	253.2595444
27	253.1978835
28	253.1977861
29	253.048851
30	252.2262959
31	251.7045343
32	251.3500758
33	251.3495388
34	250.6447645
35	250.0379882
36	249.959657
37	249.0642458
38	249.0641217
